,ID,H,LAT,LON,Error_H(km),Error_LAT(km),Error_LON(km),xEast,yNorth,zUp
0,0.0,,,,,,,,,
1,1.0,,,,,,,,,
2,2.0,,,,,,,,,
3,3.0,,,,,,,,,
4,4.0,49.256798294134036,0.0009108766445154969,-145.70374247353863,0.7432017058659639,0.2977290137416779,0.027742125086513445,306.1698882126693,28.52873617165197,743.2281669867734
5,5.0,50.08794038482246,0.007887903205263787,-145.17756119715372,0.0879403848224598,0.4053988501822776,0.23933926975710645,417.08618758199566,246.23936301200663,87.87476349703
6,6.0,,,,,,,,,
7,7.0,49.887541797769515,0.005012376677472119,-144.1242445640759,0.11245820223048497,0.5918379348992328,0.1522043179017902,608.8319001405761,156.57486937517464,112.56875856863294
8,8.0,50.1228749255412,0.017552411733379313,-143.58545810192322,0.12287492554119694,0.3172763061414388,0.5324905185836072,326.4295068118388,547.8527152239866,122.76116514552595
9,9.0,50.05675930101328,0.034035564476674926,-143.05842622683298,0.05675930101327964,0.3991834633191383,1.0323452586637651,410.68438329805815,1062.0886290357882,56.39658074740532
10,10.0,49.69223222231613,0.025143821623690204,-142.51961322339844,0.3077677776838712,0.12381701397051892,0.7627481476017067,127.35835293533519,784.5641018450497,307.94453426553366
11,11.0,,,,,,,,,
12,12.0,,,,,,,,,
13,13.0,,,,,,,,,
14,14.0,,,,,,,,,
15,15.0,,,,,,,,,
16,16.0,,,,,,,,,
17,17.0,,,,,,,,,
18,18.0,,,,,,,,,
19,19.0,,,,,,,,,
20,20.0,,,,,,,,,
21,21.0,,,,,,,,,
22,22.0,,,,,,,,,
23,23.0,,,,,,,,,
24,24.0,,,,,,,,,
25,25.0,,,,,,,,,
26,26.0,49.62622584833202,0.013106744796644096,-134.0436833691736,0.37377415166798045,0.11742320742251831,0.3981984991491405,120.77722202014927,409.57304959771136,373.8251684691236
27,27.0,,,,,,,,,
28,28.0,,,,,,,,,
29,29.0,,,,,,,,,
30,30.0,,,,,,,,,
31,31.0,,,,,,,,,
32,32.0,,,,,,,,,
33,33.0,,,,,,,,,
34,34.0,,,,,,,,,
35,35.0,49.717186703262776,-0.01655974405519058,-129.2347693203758,0.2828132967372241,1.1356300818676095,0.5011462513557732,1168.1269758027981,515.4861664507721,283.2694077499414
36,36.0,50.98732887807773,-0.013369910396455279,-128.78330071188418,0.987328878077733,1.2376084875739424,0.4043894841767717,1273.9283353583698,416.256233273205,986.8267039759747
37,37.0,51.9186118986414,-0.0015862090298556693,-128.23444206981048,1.9186118986414016,0.6576246175358302,0.047037854993418414,677.27635504333,48.44262886253824,1918.4830646688638
38,38.0,51.14016227073591,-0.007828324736356421,-127.6973671305388,1.1401622707359067,0.43499242020819523,0.236289393599304,447.79636148125326,243.24366324657635,1140.0896725627488
39,39.0,51.02574916834776,0.0028192893184264883,-127.15350543755665,1.0257491683477582,0.006532788525180391,0.08661226191540149,6.724650167161599,89.15688408255092,1025.7469334187767
40,40.0,52.528480639164236,0.013429360886562665,-126.62045613122837,2.5284806391642363,0.094059053732071,0.40837550345172413,96.90282861046285,420.72323657018694,2528.428570764703
41,41.0,50.778218452064785,0.004034884361208098,-126.09426669594947,0.7782184520647846,0.013393701056893755,0.12353382307237552,13.7851527781026,127.14524430897045,778.2138787785946
42,42.0,49.988991533191616,-0.006964203224607168,-125.56670905698991,0.011008466808384298,0.07932761283451485,0.209965040787789,81.61004996470487,216.005239524555,11.023382108619767
43,43.0,50.056308259504775,-0.009086804202569337,-125.04136303948832,0.05630825950477458,0.21235562043819553,0.2743294140531782,218.47380432203255,282.23215219261783,56.27262608962659
44,44.0,50.0384147406511,-0.019662730951313562,-124.51028004895659,0.038414740651099066,0.1713890611251639,0.5949966235650611,176.32518313963266,612.1319557456592,38.3012269940313
45,45.0,50.21960709003937,-0.010271245397235168,-123.98167998272356,0.21960709003936785,0.20571308539793504,0.3101849927549802,211.6592253519561,319.14987255206773,219.56606986759715
46,46.0,49.721361979021985,-0.002183280612811709,-123.44930465319518,0.2786380209780148,0.125588801173075,0.06490047902830284,129.18293372024706,66.75676678935709,278.6439368710247
47,47.0,50.245801263843035,-0.029028864730595988,-122.89932596845034,0.2458012638430347,0.4883585152726542,0.8789182102224332,502.48182674907844,904.3355087731088,245.50190008409993
48,48.0,50.53101650252732,-0.02984655552312875,-122.37840139271488,0.5310165025273221,0.22125757961431605,0.9036830113125804,227.6926640295701,929.9648333273269,530.7601501727202
49,49.0,49.604798673031524,0.004560859739536985,-121.86130977928195,0.39520132696847554,0.1620412917561208,0.13966509888646186,166.6677590735942,143.65380015756952,395.2148731663863
50,50.0,49.944597765713,-0.045577167496747235,-121.31246979446821,0.055402234287001306,0.41737682765077877,1.3806575472245115,429.37491362612997,1420.3456863848498,56.01816147371225
51,51.0,49.74230686383885,-0.014802502529995048,-120.8019004374789,0.2576931361611514,0.1637290347659687,0.44743627390146407,168.41664251009945,460.2453610042319,257.7603359082501
52,52.0,49.96216979328212,-0.01685893299271285,-120.2785490657628,0.03783020671787796,0.35721106214511206,0.5097638120949277,367.4833124061068,524.4218384428565,37.94491863858619
53,53.0,50.42361279642886,0.008639682698150934,-119.76844205439721,0.42361279642886274,0.9523367929264693,0.2634699701802754,979.975884142953,271.117711722986,423.323658010523
54,54.0,51.93692212346151,0.020246312763732066,-119.21085667239308,1.9369221234615068,0.10772892991726671,0.6154218809023612,110.94931490912961,633.8201633180856,1936.8064280207423
55,55.0,50.231978648368475,0.0026839759016106693,-118.68074071925848,0.23197864836847515,0.0960861844707193,0.08290330931572035,98.8642430023276,85.3014446128178,231.973879414702
56,56.0,50.06824842341604,0.008575274647273824,-118.15747927814243,0.06824842341603699,0.29232553229952596,0.2615775489842406,300.74974034283326,269.1169143706698,68.20286354294187
57,57.0,49.94239168943058,0.006146830521604432,-117.62213930553229,0.05760831056942095,0.1222730136724809,0.1879693101265245,125.78780894370587,193.37384807642397,57.62319734451248
58,58.0,,,,,,,,,
59,59.0,,,,,,,,,
60,60.0,,,,,,,,,
61,61.0,,,,,,,,,
62,62.0,,,,,,,,,
63,63.0,,,,,,,,,
64,64.0,,,,,,,,,
65,65.0,,,,,,,,,
66,66.0,,,,,,,,,
67,67.0,,,,,,,,,
68,68.0,,,,,,,,,
69,69.0,,,,,,,,,
70,70.0,,,,,,,,,
71,71.0,,,,,,,,,
72,72.0,,,,,,,,,
73,73.0,,,,,,,,,
74,74.0,,,,,,,,,
75,75.0,,,,,,,,,
76,76.0,,,,,,,,,
77,77.0,,,,,,,,,
78,78.0,,,,,,,,,
79,79.0,,,,,,,,,
80,80.0,,,,,,,,,
81,81.0,,,,,,,,,
82,82.0,,,,,,,,,
83,83.0,,,,,,,,,
84,84.0,,,,,,,,,
85,85.0,,,,,,,,,
86,86.0,,,,,,,,,
87,87.0,,,,,,,,,
88,88.0,,,,,,,,,
89,89.0,,,,,,,,,
90,90.0,,,,,,,,,
91,91.0,,,,,,,,,
92,92.0,,,,,,,,,
93,93.0,,,,,,,,,
94,94.0,,,,,,,,,
95,95.0,,,,,,,,,
96,96.0,,,,,,,,,
97,97.0,,,,,,,,,
98,98.0,,,,,,,,,
99,99.0,,,,,,,,,
100,100.0,,,,,,,,,
101,101.0,,,,,,,,,
102,102.0,,,,,,,,,
103,103.0,,,,,,,,,
104,104.0,,,,,,,,,
105,105.0,,,,,,,,,
106,106.0,,,,,,,,,
107,107.0,,,,,,,,,
108,108.0,,,,,,,,,
109,109.0,,,,,,,,,
110,110.0,,,,,,,,,
111,111.0,,,,,,,,,
112,112.0,,,,,,,,,
113,113.0,,,,,,,,,
114,114.0,,,,,,,,,
115,115.0,,,,,,,,,
116,116.0,,,,,,,,,
117,117.0,,,,,,,,,
118,118.0,,,,,,,,,
119,119.0,,,,,,,,,
120,120.0,,,,,,,,,
121,121.0,,,,,,,,,
122,122.0,,,,,,,,,
123,123.0,,,,,,,,,
124,124.0,,,,,,,,,
125,125.0,,,,,,,,,
126,126.0,,,,,,,,,
127,127.0,,,,,,,,,
128,128.0,,,,,,,,,
129,129.0,,,,,,,,,
130,130.0,,,,,,,,,
131,131.0,,,,,,,,,
132,132.0,,,,,,,,,
133,133.0,,,,,,,,,
134,134.0,,,,,,,,,
135,135.0,,,,,,,,,
136,136.0,,,,,,,,,
137,137.0,,,,,,,,,
138,138.0,,,,,,,,,
139,139.0,,,,,,,,,
140,140.0,,,,,,,,,
141,141.0,,,,,,,,,
142,142.0,,,,,,,,,
143,143.0,,,,,,,,,
144,144.0,51.96115333294838,0.0005760085578481364,-71.59088505593976,1.9611533329483777,1.8041500764665084,0.01925558702196284,1858.1072184111697,19.832912909133494,1960.188475560769
145,145.0,51.2200447130732,0.003387949506030774,-71.00824707614015,1.2200447130732002,0.19986351146970857,0.10449273441529597,205.7556586909445,107.57468741836436,1220.029643522047
146,146.0,50.34797389607191,0.0038115319408864776,-70.47633842229956,0.3479738960719132,0.13389039766012278,0.11730684967051579,137.770396210112,120.70766832330739,347.9645125654844
147,147.0,49.997742991338036,0.004317052081859903,-69.93714106702596,0.0022570086619637664,0.15313088719046727,0.13260559070129424,157.53758548193898,136.4229947710419,2.269157316063231
148,148.0,49.93802428567038,0.005656475222619343,-69.41014522589855,0.06197571432961979,0.07013105953031154,0.17319106461433353,72.14683362262866,178.17043289108543,61.986050761017005
149,149.0,52.538031730408946,0.036501839562350376,-68.81797641033859,2.538031730408946,1.9634244971230468,1.1085258564485618,2022.7965457520772,1142.0483414592313,2536.5244213880937
150,150.0,50.7978463110198,0.03238615831965403,-68.3353391903083,0.7978463110198035,0.5353529809528395,0.9836942885417573,551.00545612624,1012.4566633963539,797.4747992825779
151,151.0,,,,,,,,,
152,152.0,,,,,,,,,
153,153.0,49.05186919762415,0.014379751410006525,-66.7410964669442,0.9481308023758501,0.6883258953155804,0.4375887318894171,707.7593020659704,449.9443795702217,948.3276652485767
154,154.0,48.88712668883964,0.013046605244446997,-66.23151371347402,1.1128733111603566,0.07733323200952394,0.39713295019412015,79.50923977067197,408.30873339342406,1112.9217459123813
155,155.0,55.919013126058154,0.05610178251654461,-65.73942979432967,5.919013126058154,1.0643130399233067,1.7026798548393882,1098.5678462486205,1757.482300149581,5917.815460571981
156,156.0,50.204010458332895,0.0009879935056368028,-65.18047128392406,0.20401045833289544,0.17806732321946275,0.03141479410856785,183.21276649902052,32.323730896237514,204.00077731109977
157,157.0,,,,,,,,,
158,158.0,,,,,,,,,
159,159.0,,,,,,,,,
160,160.0,,,,,,,,,
161,161.0,,,,,,,,,
162,162.0,,,,,,,,,
163,163.0,,,,,,,,,
164,164.0,,,,,,,,,
165,165.0,,,,,,,,,
166,166.0,,,,,,,,,
167,167.0,,,,,,,,,
168,168.0,,,,,,,,,
169,169.0,,,,,,,,,
170,170.0,,,,,,,,,
171,171.0,,,,,,,,,
172,172.0,,,,,,,,,
173,173.0,,,,,,,,,
174,174.0,,,,,,,,,
175,175.0,,,,,,,,,
176,176.0,,,,,,,,,
177,177.0,,,,,,,,,
178,178.0,,,,,,,,,
179,179.0,,,,,,,,,
180,180.0,,,,,,,,,
181,181.0,,,,,,,,,
182,182.0,,,,,,,,,
183,183.0,,,,,,,,,
184,184.0,,,,,,,,,
185,185.0,,,,,,,,,
186,186.0,,,,,,,,,
187,187.0,,,,,,,,,
188,188.0,,,,,,,,,
189,189.0,,,,,,,,,
190,190.0,,,,,,,,,
191,191.0,,,,,,,,,
192,192.0,,,,,,,,,
193,193.0,,,,,,,,,
194,194.0,,,,,,,,,
195,195.0,,,,,,,,,
196,196.0,,,,,,,,,
197,197.0,,,,,,,,,
198,198.0,,,,,,,,,
199,199.0,,,,,,,,,
200,200.0,,,,,,,,,
201,201.0,,,,,,,,,
202,202.0,,,,,,,,,
203,203.0,,,,,,,,,
204,204.0,,,,,,,,,
205,205.0,,,,,,,,,
206,206.0,,,,,,,,,
207,207.0,,,,,,,,,
208,208.0,,,,,,,,,
209,209.0,,,,,,,,,
210,210.0,,,,,,,,,
211,211.0,,,,,,,,,
212,212.0,,,,,,,,,
213,213.0,,,,,,,,,
214,214.0,,,,,,,,,
215,215.0,,,,,,,,,
216,216.0,,,,,,,,,
217,217.0,,,,,,,,,
218,218.0,,,,,,,,,
219,219.0,,,,,,,,,
220,220.0,,,,,,,,,
221,221.0,,,,,,,,,
222,222.0,,,,,,,,,
223,223.0,,,,,,,,,
224,224.0,,,,,,,,,
225,225.0,,,,,,,,,
226,226.0,,,,,,,,,
227,227.0,,,,,,,,,
228,228.0,,,,,,,,,
229,229.0,,,,,,,,,
230,230.0,,,,,,,,,
231,231.0,,,,,,,,,
232,232.0,,,,,,,,,
233,233.0,,,,,,,,,
234,234.0,,,,,,,,,
235,235.0,,,,,,,,,
236,236.0,,,,,,,,,
237,237.0,,,,,,,,,
238,238.0,,,,,,,,,
239,239.0,,,,,,,,,
240,240.0,,,,,,,,,
241,241.0,,,,,,,,,
242,242.0,,,,,,,,,
243,243.0,,,,,,,,,
244,244.0,,,,,,,,,
245,245.0,,,,,,,,,
246,246.0,,,,,,,,,
247,247.0,,,,,,,,,
248,248.0,,,,,,,,,
249,249.0,,,,,,,,,
250,250.0,50.96008628844426,-0.022989722400466,-15.398938384554798,0.9600862884442591,0.5817651388772321,0.700885503955844,598.828969015861,721.4463515324844,959.8405111312914
251,251.0,52.517953796603365,0.036161648978291584,-14.871056601648894,2.517953796603365,0.6378699201822212,1.09272161173038,657.1512428190139,1125.7491382152753,2517.47914745942
252,252.0,49.67862988482178,-0.030944330968530866,-14.323071659152557,0.3213701151782189,0.08437954859393386,0.9422475038043376,86.79225626776088,969.1929164606235,321.6350340692539
253,253.0,50.68794024215833,-0.013146676827786289,-13.79268758149655,0.6879402421583265,0.06463669267748884,0.40262364726757305,66.52244020152915,414.3732267236282,687.8909918489004
254,254.0,,,,,,,,,
255,255.0,,,,,,,,,
256,256.0,,,,,,,,,
257,257.0,,,,,,,,,
258,258.0,,,,,,,,,
259,259.0,,,,,,,,,
260,260.0,,,,,,,,,
261,261.0,,,,,,,,,
262,262.0,,,,,,,,,
263,263.0,,,,,,,,,
264,264.0,,,,,,,,,
265,265.0,,,,,,,,,
266,266.0,,,,,,,,,
267,267.0,,,,,,,,,
268,268.0,,,,,,,,,
269,269.0,,,,,,,,,
270,270.0,,,,,,,,,
271,271.0,,,,,,,,,
272,272.0,,,,,,,,,
273,273.0,,,,,,,,,
274,274.0,,,,,,,,,
275,275.0,,,,,,,,,
276,276.0,,,,,,,,,
277,277.0,,,,,,,,,
278,278.0,,,,,,,,,
279,279.0,,,,,,,,,
280,280.0,,,,,,,,,
281,281.0,,,,,,,,,
282,282.0,,,,,,,,,
283,283.0,,,,,,,,,
284,284.0,,,,,,,,,
285,285.0,,,,,,,,,
286,286.0,,,,,,,,,
287,287.0,,,,,,,,,
288,288.0,,,,,,,,,
289,289.0,,,,,,,,,
290,290.0,,,,,,,,,
291,291.0,51.65498113975225,-0.029007555132144962,6.332947985313509,1.6549811397522518,0.19185628347720335,0.8863683663644528,197.56037465805696,912.72656899041,1654.7374105070357
292,292.0,49.94965380760463,0.003859734167013573,6.8554605867076335,0.05034619239536653,0.41077263725480945,0.11021731784498165,422.58220472256335,113.38052913717243,50.399744354896406
293,293.0,50.736941621679016,-0.0035272507604694097,7.388228194879888,0.7369416216790157,0.31875315024750017,0.11384146138984358,328.061631713072,117.17149818617415,736.9076890611356
294,294.0,50.099455511008436,0.012215709787633347,7.919549502419469,0.0994555110084363,0.27056002079308383,0.3634772013229884,278.36184925989556,373.95278648670387,99.39471931593528
295,295.0,51.39867510062859,0.02354423903391493,8.41144007346785,1.3986751006285871,1.4180692547939944,0.7069051933969385,1460.0206678736354,727.8123585036016,1397.9311991310708
296,296.0,,,,,,,,,
297,297.0,,,,,,,,,
298,298.0,,,,,,,,,
299,299.0,,,,,,,,,
300,300.0,,,,,,,,,
301,301.0,,,,,,,,,
302,302.0,,,,,,,,,
303,303.0,,,,,,,,,
304,304.0,,,,,,,,,
305,305.0,,,,,,,,,
306,306.0,50.23362471681716,0.0012563221274033837,14.276779757506791,0.23362471681716102,0.2571796881537175,0.030333118406283506,264.61554987236036,31.203886541231096,233.60485941685397
307,307.0,,,,,,,,,
308,308.0,50.43321377043318,0.0006732686353281281,15.34092696769143,0.4332137704331771,0.11519938796545842,0.01250136629794072,118.54339348772184,12.857877018264887,433.20979408982043
309,309.0,,,,,,,,,
310,310.0,,,,,,,,,
311,311.0,,,,,,,,,
312,312.0,,,,,,,,,
313,313.0,,,,,,,,,
314,314.0,,,,,,,,,
315,315.0,50.398752842622216,0.016638408545737376,19.04305928995734,0.39875284262221555,0.29697810157602206,0.4961933714659167,305.5928713289554,510.5802935376617,398.65381409091634
316,316.0,49.98662547471927,-0.004664698041393338,19.57331407499275,0.013374525280731575,0.28112550775085965,0.14984884139950333,289.2137497271496,154.16690238055594,13.40457194108417
317,317.0,51.1514325392157,-0.0006376537609986873,20.13601788614739,1.1514325392156977,0.7186599526597747,0.027796013212377763,739.8182635574669,28.621183745814108,1151.2793007012285
318,318.0,,,,,,,,,
319,319.0,,,,,,,,,
320,320.0,,,,,,,,,
321,321.0,,,,,,,,,
322,322.0,,,,,,,,,
323,323.0,,,,,,,,,
324,324.0,,,,,,,,,
325,325.0,,,,,,,,,
326,326.0,,,,,,,,,
327,327.0,,,,,,,,,
328,328.0,,,,,,,,,
329,329.0,,,,,,,,,
330,330.0,,,,,,,,,
331,331.0,,,,,,,,,
332,332.0,,,,,,,,,
333,333.0,,,,,,,,,
334,334.0,,,,,,,,,
335,335.0,,,,,,,,,
336,336.0,,,,,,,,,
337,337.0,,,,,,,,,
338,338.0,,,,,,,,,
339,339.0,50.50359378501771,0.004558568949844448,31.775764734940385,0.5035937850177135,0.2830604387138449,0.12858825826390077,291.2885759146426,132.31835294826874,503.56515950488733
340,340.0,50.015228070511334,-0.011169246048611987,32.297706997630705,0.015228070511334124,0.04681918120992448,0.3483924340413361,48.16698276768943,358.4295645033343,15.19148520025317
341,341.0,49.15210150695261,-0.0028275211552510567,32.82237890458156,0.8478984930473885,0.10661979349811951,0.0955040336589499,109.63613202759382,98.21377025277147,847.9045562794096
342,342.0,45.68856539820247,-0.022255915034642266,33.32862430517602,4.311434601797529,0.8188425008943983,0.6846683527925547,840.3755819053229,702.6810132369847,4311.771091203913
343,343.0,46.474929832423115,-0.025089598691238807,33.822058429809296,3.525070167576885,1.919515695291573,0.770625458653141,1970.8615755407236,791.2473452586112,3526.3343696752754
344,344.0,46.26767130694051,-0.022176210481834283,34.31514978569646,3.732328693059493,3.0305827864916544,0.6823424137586305,3111.286632547377,700.5214046483308,3735.1797936201588
345,345.0,,,,,,,,,
346,346.0,52.38843326412092,0.04775205863449813,35.43879993642318,2.38843326412092,1.0842739689784127,1.4380260251588743,1116.968002884909,1481.3791219196987,2387.4716626298614
347,347.0,,,,,,,,,
348,348.0,,,,,,,,,
349,349.0,,,,,,,,,
350,350.0,,,,,,,,,
351,351.0,,,,,,,,,
352,352.0,,,,,,,,,
353,353.0,,,,,,,,,
354,354.0,,,,,,,,,
355,355.0,,,,,,,,,
356,356.0,,,,,,,,,
357,357.0,,,,,,,,,
358,358.0,,,,,,,,,
359,359.0,,,,,,,,,
360,360.0,,,,,,,,,
361,361.0,,,,,,,,,
362,362.0,,,,,,,,,
363,363.0,,,,,,,,,
364,364.0,,,,,,,,,
365,365.0,,,,,,,,,
366,366.0,,,,,,,,,
367,367.0,,,,,,,,,
368,368.0,,,,,,,,,
369,369.0,,,,,,,,,
370,370.0,,,,,,,,,
371,371.0,,,,,,,,,
372,372.0,,,,,,,,,
373,373.0,,,,,,,,,
374,374.0,,,,,,,,,
375,375.0,,,,,,,,,
376,376.0,,,,,,,,,
377,377.0,,,,,,,,,
378,378.0,,,,,,,,,
379,379.0,,,,,,,,,
380,380.0,,,,,,,,,
381,381.0,,,,,,,,,
382,382.0,,,,,,,,,
383,383.0,,,,,,,,,
384,384.0,,,,,,,,,
385,385.0,,,,,,,,,
386,386.0,,,,,,,,,
387,387.0,,,,,,,,,
388,388.0,,,,,,,,,
389,389.0,,,,,,,,,
390,390.0,,,,,,,,,
391,391.0,,,,,,,,,
392,392.0,49.97358267891014,0.006385320305419532,59.82416128335904,0.026417321089859058,0.5484498467260774,0.1826775756885557,564.2251324361259,187.92318682985004,26.516256352389956
393,393.0,,,,,,,,,
394,394.0,,,,,,,,,
395,395.0,51.02725594627135,-0.01972575269499192,61.432582497117025,1.027255946271353,0.034492723686111164,0.6090673175030449,35.505769259879,626.964346184641,1027.1457002359368
396,396.0,49.98502377934294,0.008725164557764398,61.972364812309394,0.01497622065706139,0.3392519531373817,0.2536598162407653,349.0122305986175,260.9488139733141,15.029345336842567
397,397.0,49.92966565362361,-0.034883873713909774,62.55445038483613,0.07033434637639147,1.9267573554713042,1.0687123329313566,1982.128027967706,1099.4338726196174,71.77156561954426
398,398.0,48.98036651134181,0.03516918445624203,63.029100416034304,1.0196334886581866,0.25648751344136334,1.0555310982454842,263.7182976209956,1085.279514400165,1019.98262994593
399,399.0,48.46019862726258,0.044105960407341716,63.553307468881336,1.539801372737422,0.08895260484714482,1.326554410423216,91.43367642686053,1363.5462467741509,1540.324269989947
400,400.0,49.626252557966794,0.026888664340985247,64.05778860387089,0.3737474420332063,0.6767685467279373,0.8044683084467583,696.0993416282804,827.437949272092,374.07458400312936
401,401.0,,,,,,,,,
402,402.0,,,,,,,,,
403,403.0,,,,,,,,,
404,404.0,,,,,,,,,
405,405.0,50.579434437286494,-0.008922611242213902,66.72653754619171,0.5794344372864941,0.06766515578415247,0.2813889034975292,69.63503250395428,289.5894606779463,579.4096310337093
406,406.0,50.534025891523285,-0.004190441483543842,67.26154639844754,0.5340258915232852,0.09234668430591737,0.13786333828838995,95.03268017125525,141.88193240777872,534.0177370498934
407,407.0,50.79196273539239,-0.004280687664986606,67.7885702490047,0.7919627353923886,0.010196196399406606,0.14059990487272028,10.494276735775145,144.71896844849107,791.9568491988659
408,408.0,50.36349398600458,0.008939516177497784,68.32347478927835,0.3634939860045776,0.16704494770026085,0.2603112922720455,171.8872195570751,267.8484804897644,363.46565653855464
409,409.0,50.51245309096865,0.003523069042382513,68.854653983401,0.5124530909686484,0.2109287222130702,0.09609679109048877,217.06117619436858,98.88201811136372,512.4371799507087
410,410.0,50.1931932620664,0.005345114081370944,69.38504304947008,0.19319326206640142,0.230822843527291,0.15134730129631804,237.4912748527492,155.7110476362037,193.17070357045827
411,411.0,49.94926224638198,0.014268715027953063,69.90518766624274,0.05073775361802291,0.059898737725989595,0.42197110319522385,61.62079045849905,434.0939010953417,50.791532201789785
412,412.0,50.1517968453061,0.007634766438863627,70.4419996822795,0.1517968453061016,0.15476074621513985,0.22083787878289698,159.22806904333123,227.2039827818282,151.77531327782745
413,413.0,49.948569632915124,0.005804974102219991,70.96326778428903,0.05143036708487614,0.10189299850446931,0.16538276790585288,104.82232306519174,170.1287840155284,51.44153853052388
414,414.0,49.948947655456394,0.0019294941278841164,71.49581214165826,0.05105234454360641,0.016612900479159448,0.04789555393271643,17.090508905134634,49.26396136416086,51.0531054359455
415,415.0,50.16220781890671,-0.012252624417310865,72.02106295985023,0.1622078189067082,0.15252767010921361,0.3821234731196359,156.9314447733505,393.16466712495003,162.15769496654494
416,416.0,49.819229402370965,0.0017507455761949426,72.55089950197626,0.18077059762903502,0.14935760258725927,0.042535945662884725,153.64037006308257,43.74714146377001,180.77773721545378
417,417.0,49.81655748717108,0.004503511564332063,73.09114529848125,0.18344251282891832,0.16942560977154986,0.12603935670727087,174.28355797781114,129.64480893454692,183.45571347497025
418,418.0,49.97594958913954,0.00689287997093813,73.61398056682282,0.024050410860461113,0.03970640108875497,0.19852333554360246,40.84854715714385,204.2253614744011,24.062546009755607
419,419.0,49.96659882741365,0.0127653079792083,74.14553973787527,0.03340117258635189,0.015699547019683204,0.37662535122939317,16.15105632683041,387.44843942609424,33.44324111786269
420,420.0,50.346653302751456,0.012444842934326244,74.67168218760997,0.3466533027514558,0.09317796689055774,0.36693810072516797,95.87809051519197,377.5628813302814,346.6108602787525
421,421.0,49.93913129661674,0.013025860730222005,75.18604303289894,0.06086870338325667,0.5592828776170379,0.38458683030320623,575.3586563436205,395.632855027985,61.005098785465165
422,422.0,49.76401958695144,0.01433284333662598,75.72876325985574,0.23598041304855855,0.16546664356773844,0.42424924522588636,170.20606776020162,436.3925735056905,236.04179968404503
423,423.0,49.67974701295416,0.02283327043545157,76.25661665383876,0.3202529870458406,0.22243227212976022,0.6820409982489352,228.79254976075492,701.5351353545933,320.4053331803243
424,424.0,50.06972821284622,0.00972898344725126,76.79025466561231,0.06972821284622199,0.10398890835949978,0.284705435197539,106.98573901899043,292.90198446308676,69.70101169270212
425,425.0,50.31119752293653,0.015528256099140138,77.3400156973472,0.31119752293653136,0.5033281162432931,0.4606194587268003,517.9033405111727,473.9496968948608,311.059676252405
426,426.0,50.29016518542492,0.017261469178705545,77.84967267673412,0.2901651854249181,0.10541376857908781,0.5132066096486056,108.46503320828543,528.053462662535,290.0839034668851
427,427.0,50.50861601914985,0.018082919699104315,78.36313295338984,0.5086160191498479,0.5988572609026951,0.5381460649851817,616.2668251448753,553.7824939469768,508.42404371491307
428,428.0,52.33280291692138,-0.5533212786745493,78.1546239772226,2.3328029169213806,22.984797078688334,16.78868302942849,23675.335085826457,17294.11863703437,2092.6370589659823
429,429.0,49.846027744907545,0.00290088181720749,79.43885054373429,0.15397225509245516,0.10599394523743065,0.07786678019098449,109.03491264550321,80.09264071762199,153.97737605227215
430,430.0,50.076698232570294,0.008255022019428473,79.96634845323963,0.07669823257029407,0.1737693775368388,0.24028289646380624,178.7778919487472,247.20042734091749,76.67219763785963
431,431.0,50.021977881686375,-0.0530505616027832,80.72994218330062,0.021977881686375156,6.917701813900535,1.6186774753190933,7116.84948053083,1665.2890217331392,7.03375230205386
432,432.0,50.19710919831615,0.001753690556503947,81.02955229099483,0.1971091983161486,0.06039529010663624,0.04323171434126987,62.140235945205546,44.47275255974512,197.1075648302469
433,433.0,,,,,,,,,
434,434.0,,,,,,,,,
435,435.0,,,,,,,,,
436,436.0,,,,,,,,,
437,437.0,,,,,,,,,
438,438.0,,,,,,,,,
439,439.0,,,,,,,,,
440,440.0,,,,,,,,,
441,441.0,,,,,,,,,
442,442.0,,,,,,,,,
443,443.0,,,,,,,,,
444,444.0,,,,,,,,,
445,445.0,,,,,,,,,
446,446.0,,,,,,,,,
447,447.0,,,,,,,,,
448,448.0,,,,,,,,,
449,449.0,,,,,,,,,
450,450.0,,,,,,,,,
451,451.0,,,,,,,,,
452,452.0,,,,,,,,,
453,453.0,,,,,,,,,
454,454.0,,,,,,,,,
455,455.0,,,,,,,,,
456,456.0,17.685684744169915,0.03478105000074557,94.41773466937879,32.31431525583008,20.395899996646094,1.0462177525241347,20603.040937332687,1056.8613249979333,32435.56773143858
457,457.0,49.728263165633955,0.011204356353330594,94.26704931951164,0.27173683436604534,0.23666406139714402,0.33138437926202396,243.43790929190223,340.86259203157556,271.785922611083
458,458.0,49.75164083722133,0.0037188518457558824,94.82341277710367,0.24835916277866943,0.5708909594719153,0.10445944967813377,587.2388019171888,107.44402164260902,248.45887315717792
459,459.0,49.723185274240045,0.017218156730575453,95.33249083058763,0.27681472575995514,0.055436221725793704,0.5138945722342229,57.02276543099689,528.595248328352,276.89381141003713
460,460.0,50.54788977437554,0.011734310861790024,95.86099634552288,0.5478897743755411,0.09262735813457351,0.3476666389838662,95.32225507112183,357.77507040064097,547.8514359838507
461,461.0,50.11822015640412,0.01178097395959209,96.38746711979412,0.11822015640412076,0.19151864871970142,0.349172590501667,197.0433211445276,359.2385568644693,118.17319656438805
462,462.0,49.895677280661204,0.013070471860065483,96.91167524665372,0.10432271933879633,0.35905131300551535,0.3883654572601992,369.3627480091969,399.5123346283539,104.4055383553385
463,463.0,48.403949054176174,0.02914500363284005,97.42938568903054,1.5960509458238263,0.7235852174570495,0.8758900871614397,743.7441776675778,900.2859857437896,1596.4327575839166
464,464.0,48.526558913084955,0.03427232526554883,97.94653360016898,1.4734410869150452,1.1052072771255024,1.0314283044682386,1136.0760579511218,1060.2303109187344,1474.1171424302574
465,465.0,51.02825569904592,-0.01288002601344527,98.49689353614654,1.0282556990459213,0.47969914595066404,0.3982979966360201,493.78811688496154,410.00242444027623,1028.140535453821
466,466.0,50.44810988155228,-0.0036483001429227224,99.0329250137429,0.44810988155227705,0.2886778793072396,0.11827016799320601,297.06008832934623,121.71048473771008,448.08106011936866
467,467.0,51.15464684341835,0.00039183503931260666,99.52995938905991,1.1546468434183481,1.280209733957387,0.0043312369499233375,1317.9031088684806,4.452679170071802,1154.161286890791
468,468.0,49.98071359343359,0.0025139752027974844,100.10104988472838,0.019286406566408232,0.026081576786526037,0.0687726068277096,26.831879406817695,70.74501299130206,19.288008268529893
469,469.0,49.79158350860791,-0.0010895798079345413,100.62910793103633,0.20841649139209295,0.07687178453508269,0.04040828448414491,79.07482805361047,41.57227120793256,208.4187241224276
470,470.0,50.24078973368381,-0.004894009514156145,101.15999282954223,0.24078973368381185,0.041912039136978045,0.1556803695786742,43.124018914297984,160.1880793954754,240.7820369287673
471,471.0,50.460182467444305,0.005254682617813866,101.69787662384009,0.46018246744430513,0.20527767594302349,0.15215294833713358,211.2396574021244,156.56621066215845,460.16313231191265
472,472.0,49.652375491934116,0.02286100955696794,102.21049185535563,0.3476245080658842,0.3137904162909585,0.6861267398465181,322.75806443755596,705.7295111868326,347.793007618579
473,473.0,,,,,,,,,
474,474.0,,,,,,,,,
475,475.0,,,,,,,,,
476,476.0,50.92325236970479,0.0007675690524218496,104.34750702225824,0.923252369704791,0.23464276052684183,0.016573804907583076,241.5201469653014,17.05418261233866,923.2359791983473
477,477.0,51.4022245762228,-0.011316811299579807,104.86016866762758,1.4022245762227996,0.28301790815397904,0.34977412511359757,291.3911888949163,360.1277686600599,1402.1645927781374
478,478.0,,,,,,,,,
479,479.0,55.20615635115083,0.13289836086044282,105.99810807225016,5.206156351150831,2.0965889625435166,4.023525340226785,2163.202060077212,4151.364623694682,5200.044202221134
480,480.0,50.269883258335554,0.010892800232248737,106.45486602572755,0.26988325833555393,0.11622862202999142,0.3239989416545122,119.59157549549036,333.3684326769718,269.8481735354311
481,481.0,50.51315989849599,-0.005725427297383241,107.0429343271939,0.5131598984959922,1.6527234897826768,0.17983042510349379,1700.7745002018053,185.06382096507582,512.3413796129702
482,482.0,47.516683829139325,-0.1466191591715292,107.33277637270078,2.4833161708606752,5.621573986895467,4.452079135887685,5775.29114594639,4573.840283420343,2498.5197345597453
483,483.0,49.733448363882616,-0.010360038569935002,108.05530117194881,0.2665516361173843,0.22454962395509556,0.32015510334782515,230.97740077724998,329.3244490938492,266.59690470040573
484,484.0,50.19747117708968,0.00679673752719627,108.58876174630866,0.19747117708968176,0.3375821675006845,0.2002171237958547,347.3356860229178,205.99711414128328,197.42556310905306
485,485.0,50.01492919280626,0.00574254387392588,109.11661544762195,0.014929192806256708,0.2806258582220722,0.16834141028409477,288.704295961633,173.1828246287748,14.897486651593207
486,486.0,49.92266412707601,0.006485166763465157,109.63254898151028,0.0773358729239888,0.13778986499730025,0.19098151779828534,141.7491347768709,196.46463352269188,77.35229217327162
487,487.0,49.91726292582559,0.009517389097787272,110.16675390453422,0.08273707417441045,0.0021861760729071523,0.28301962825713983,2.248987096150472,291.1465708673928,82.76078961406267
488,488.0,49.709186419782235,0.007682872483322997,110.69075613997435,0.2908135802177654,0.17593183466983087,0.22751223149951189,180.96546250646816,234.01724116492616,290.8380651935992
489,489.0,49.65783528793418,0.007482447730094414,111.2257425330729,0.34216471206582355,0.01663135482607478,0.22155597487538448,17.10670697556833,227.8841179950145,342.17932429465
490,490.0,50.48597446042254,0.00976250416737755,111.75396006703465,0.4859744604225398,0.06255503920967243,0.2907858952612312,64.37278438314753,299.2314236746547,485.9482602466082
491,491.0,50.65017624640924,0.02921071245180777,112.28452502219437,0.650176246409238,0.03729704801422503,0.8806420235935525,38.384358583585254,906.3110867518112,649.9461408125226
492,492.0,51.38926547782756,0.019297821828375368,112.82247423653935,1.389265477827557,0.2118460987290656,0.5801712609046428,218.1121243853584,597.3276725675736,1389.152446598718
493,493.0,50.40315168346643,0.007210199783074682,113.34791353941397,0.40315168346643304,0.08167713953102317,0.21372503188158795,84.0466480167002,219.92138017512016,403.13618091629036
494,494.0,49.70335657355208,0.02141993506114727,113.87940655367909,0.29664342644792185,0.1350466688436431,0.6447331075546788,138.91005990330328,663.1736878726132,296.7718746709807
495,495.0,52.6344098898981,0.023599989176749502,114.43439979690962,2.6344098898981017,0.9010521994722852,0.7109609458473911,928.3493916397484,732.4956738399615,2634.019286180714
496,496.0,51.3905400731255,0.04536781543154499,114.9305301474883,1.3905400731255,0.11786239075920948,1.3711556627452528,121.34860329570557,1411.709252165638,1389.9788952980227
497,497.0,50.21310232186512,0.009334513955651982,115.46501006188332,0.21310232186512224,0.0260799578742349,0.27862652855442294,26.83370195868777,286.67562543043556,213.0791331160117
498,498.0,50.28411185534512,0.013473023858481715,115.98850827387673,0.28411185534511674,0.16294938031966003,0.4042413079734384,167.66548276327484,415.9374511551255,284.05560419260024
499,499.0,,,,,,,,,
500,500.0,,,,,,,,,
501,501.0,50.25800084451511,0.018849673639608547,117.5772465890039,0.2580008445151094,0.17685824245216372,0.5676432235995637,181.97423418845725,584.0603271062814,257.8961699011689
502,502.0,50.31975442984332,0.02283682425495289,118.10776373898591,0.3197544298433215,0.15308018776300694,0.6886682823042101,157.51378702871028,708.6108611693573,319.60705094301204
503,503.0,51.851632032691235,0.036730805884043136,118.61133385150124,1.851632032691235,0.9463962697175792,1.1101016494315055,974.6406345349021,1143.2288900254337,1851.001348932666
504,504.0,52.10078649655479,0.028593550687162714,119.16983368886008,2.1007864965547896,0.07408937989125193,0.8634741020074655,76.31114713771217,889.3648616498374,2100.56386506898
505,505.0,50.10155151095119,0.006250376035386313,119.6973437112472,0.10155151095118953,0.1414671856811199,0.18607548085537226,145.54668591520658,191.43856885580593,101.53533372323264
506,506.0,49.986895982387054,0.0032738064000949764,120.22858459867004,0.013104017612945995,0.09571266360720036,0.09593721014424685,98.4664212882016,98.69474009102231,13.109454831800699
507,507.0,50.16626266012525,0.014638803310463194,120.75673818982204,0.16626266012524837,0.14360563156817083,0.44068328742841506,147.75214311560367,453.40512709008493,166.19905149964018
508,508.0,50.42478453794278,0.016499912138651995,121.27074991205275,0.42478453794277726,0.6202971231317551,0.49726995935518303,638.3000466026059,511.6998144162149,424.59736461763157
509,509.0,50.07372521744193,0.0056178142821590475,121.80470218481008,0.0737252174419325,0.4923546367758865,0.16740958610455808,506.54481450197784,172.23213855125073,73.64514566658272
510,510.0,50.12124715794941,0.007200262826738201,122.33586330442489,0.1212471579494121,0.44901894189791125,0.21551602125171368,461.97242071323905,221.73104488039635,121.17370869871496
511,511.0,49.80223272964768,0.00799572354563217,122.86002826285817,0.19776727035232256,0.6178302941518241,0.2397583487810779,635.54025965968,246.62879944253706,197.89728873315846
512,512.0,49.969014700693826,0.0072668816799541115,123.38313652633462,0.030985299306173886,0.818714501223042,0.21780903823645203,842.2613476718416,224.071347304561,31.197794071026355
513,513.0,49.786314991961824,0.0012462458292876583,123.91889574341822,0.21368500803817625,0.6359490855142288,0.035364480962192475,654.1726010210344,36.375917922804376,213.80510328434536
514,514.0,49.71142601248903,0.005399165927525942,124.45175424902743,0.2885739875109721,0.541173283673661,0.16141622578626186,556.6576141199948,166.0328963835591,288.6683955165478
515,515.0,55.68930494047068,-0.10409821227082676,125.10892402552112,5.689304940470677,3.3231670702185983,3.158759527095892,3429.677601012273,3260.0079499654757,5683.0614232375865
516,516.0,49.447367687061906,0.008749533175298215,125.53756804171815,0.5526323129380941,0.25784071369083916,0.2632834960438711,265.1789993540526,270.7750519152725,552.6725066129967
517,517.0,,,,,,,,,
518,518.0,,,,,,,,,
519,519.0,49.83840117843103,-0.05033538730645153,127.01052543869177,0.16159882156897254,3.2669638253922177,1.5279750489517196,3360.675440295813,1571.8070791019438,165.44965858753378
520,520.0,50.0350187571851,0.022943840986913506,127.6204988303623,0.0350187571850995,0.8337759872458521,0.6942482861513586,857.7876255939894,714.2405807876564,34.67022953537903
521,521.0,50.21082828011695,0.01819169532412571,128.14962069084322,0.21082828011694943,0.852277461690613,0.5502686013537388,876.9081854034227,566.1702448109806,210.52353871754974
522,522.0,50.263066477734895,0.014957541280089737,128.68449228703258,0.26306647773489544,0.696458008752189,0.4523498317028765,716.6065291982684,465.43535158922276,262.86225694220457
523,523.0,50.32584969531222,0.006947995488736258,129.220103338384,0.32584969531222185,0.5181854744612624,0.20962518468551405,533.1953189166368,215.6963706924703,325.7571692262187
524,524.0,50.20049699372656,0.014579936323820047,129.74699340350884,0.20049699372655994,0.6043927849138209,0.44117249444583245,621.8560987220865,453.91898564486223,200.33119936392632
525,525.0,50.854794993899375,0.01041876673479972,130.28362774516773,0.8547949938993753,0.3950906600446385,0.31514350757577575,406.6552028965714,324.36731983849415,854.7193382849276
526,526.0,50.53798866329976,0.018206167107131372,130.81400569485717,0.5379886632997568,0.3755033012544502,0.551404871360837,386.42602628052134,567.4437469609611,537.8568583630505
527,527.0,49.95095110085136,0.020753430458960623,131.33672975264736,0.049048899148637304,0.5880379119859283,0.6287980473530699,604.9441880148511,646.8758153926278,49.268331816855095
528,528.0,50.60249600797157,0.024659124812585493,131.85653229213275,0.6024960079715669,0.8891324226928552,0.7473834026397794,915.0286488018455,769.150937453019,602.096436045327
529,529.0,50.40994046669198,0.014214386418391178,132.39252939415235,0.40994046669197814,0.6991838620607727,0.4307852336257536,719.4703502922174,443.28408848635144,409.74074227913655
530,530.0,50.52082367218444,0.015659401769243853,132.9233713549552,0.5208236721844415,0.6655261316775831,0.4747545572300553,684.8785288262007,488.55958390103723,520.6257469832959
531,531.0,,,,,,,,,
532,532.0,,,,,,,,,
533,533.0,,,,,,,,,
534,534.0,,,,,,,,,
535,535.0,,,,,,,,,
536,536.0,49.84896442695275,0.01267052104040725,136.11168795973057,0.15103557304725257,0.3646395099537335,0.385001056675856,375.10162647289803,396.0480247364089,151.11881684218653
537,537.0,49.82006669948669,0.012560266848867204,136.63123037824718,0.17993330051331213,0.6736520833011455,0.3817790735917525,692.969069962865,392.72734522449394,180.11079414391804
538,538.0,49.78593437230439,0.01125204934492722,137.16425384732898,0.21406562769561077,0.5738437129234166,0.34226115254089495,590.2874259479845,352.0696441733932,214.1977884536666
539,539.0,,,,,,,,,
540,540.0,,,,,,,,,
541,541.0,,,,,,,,,
542,542.0,,,,,,,,,
543,543.0,,,,,,,,,
544,544.0,50.000651050381926,0.0018407432568774882,140.34446507225198,0.0006510503819256996,0.5187696881340778,0.05775819724633185,533.6993576949756,59.421984981855516,0.570384135942335
545,545.0,50.27372646696537,0.0024373033397902164,140.87688282076854,0.2737264669653712,0.4373287947158715,0.07599951444167492,449.9834161261722,78.20033662688637,273.66812295420897
546,546.0,50.65787732323118,0.02080040531279801,141.4139104863973,0.6578773232311832,0.21609976927755425,0.6329819071957018,222.40063789912077,651.439738935764,657.7448237610225
547,547.0,50.57120755775738,0.009722056736321302,141.9396696055316,0.5712075577573827,0.33660115131158536,0.29720087794244165,346.3987306019734,305.853553809262,571.1478427843728
548,548.0,50.04543782738639,0.0061228865894591665,142.4720203066551,0.04543782738638669,0.2571933594872934,0.18821359709512434,264.60175708001077,193.63710227998703,45.40775412498023
549,549.0,49.585033723826115,0.0006941309209357438,143.00335705636132,0.41496627617388526,0.20856229515381894,0.02374715334352146,214.5146190382989,24.4270672458554,414.9793185615558
550,550.0,49.987939326087755,0.0025553945142553023,143.5228004520225,0.012060673912245079,0.5205472498945809,0.08033851826758283,535.5242669883636,82.65229060191953,12.142809767812542
551,551.0,49.968825385711455,0.009529035666984582,144.05520377178163,0.0311746142885454,0.43954388474307826,0.2919542994261833,452.1854597294739,300.3535249609282,31.25704900684462
552,552.0,50.40355562147243,0.0027688308562529847,144.58393800972655,0.40355562147242807,0.4698296965303529,0.08711385676346865,483.45987727345624,89.64365060634496,403.48800526440124
553,553.0,50.13915287504026,0.005259142537104473,145.11369168060108,0.13915287504025997,0.4691725630079422,0.1627800672794018,482.71227817717727,167.48035639685165,139.07985288143664
554,554.0,50.06782307959308,0.005646068135943959,145.6376678859557,0.06782307959308298,0.643737864359628,0.17466456455320617,662.2888725251504,179.70077621888757,67.69135192249162
555,555.0,50.04270296588859,0.00899741582180448,146.16931761051248,0.04270296588858713,0.5855860306070793,0.2764402715768379,602.4527711777702,284.4055466055888,42.578812474606124
556,556.0,50.08463950149013,0.005446208019286088,146.70161582903305,0.08463950149013044,0.5077696871437433,0.16890736970421963,522.4073323087483,173.77955178793073,84.55471538511246
557,557.0,49.996282001630824,0.007974192754859083,147.2324223598618,0.0037179983691757457,0.4752166356311988,0.2457159534600212,488.891693826136,252.7899490143877,3.8027351103238907
558,558.0,49.989736005908725,0.006895720636341661,147.75998679042323,0.010263994091275208,0.540944603286472,0.21316468223966328,556.5090416932765,219.30128560649607,10.364082490175578
559,559.0,50.34982002764901,0.00166178099143105,148.30303729308199,0.34982002764900955,0.1371133033901961,0.05460571304031105,141.0868441932032,56.19158267151857,349.81357746638827
560,560.0,49.92776956779101,0.005285414141304453,148.82161516397127,0.07223043220898973,0.47534386909038173,0.16463802760460758,489.0038466123797,169.37275949754698,72.3053515182373
561,561.0,50.12658412873535,0.005011699151765421,149.35291341386034,0.1265841287353524,0.4278499248524395,0.15648968881259384,440.1940278782439,161.00829112270432,126.52267697788335
562,562.0,49.973202769974684,0.0027602995648728845,149.88751821568624,0.02679723002531631,0.28012057088910786,0.08837132694658684,288.17773638868414,90.9169336550802,26.822773551970847
563,563.0,50.06074496513779,0.0029201301401467045,150.4118769318215,0.06074496513779337,0.4430565404472461,0.09339986559165317,455.8225879115305,96.09496187782777,60.684262337596394
564,564.0,50.09694039711841,0.005754095405113297,150.94162880759615,0.0969403971184093,0.44248416371865373,0.17948680416322355,455.2429355829975,184.66623605832666,96.87288755287979
565,565.0,50.39059964257985,0.008688696662644069,151.4682247054052,0.3905996425798506,0.5375812894207855,0.2686253632025996,553.1729880187464,276.4205797259535,390.49269313439845
566,566.0,50.114193236694454,0.0103904243058259,152.0002129617945,0.11419323669445447,0.46916403628212194,0.32037906360538504,482.696759426177,329.6244679040887,114.09767223294617
567,567.0,50.01964734283076,0.013588847051739015,152.53204132734038,0.01964734283075842,0.40562553256630046,0.4175175740863996,417.30345308782927,429.54227616429444,19.54701804296831
568,568.0,50.26122047576695,0.013647318799184814,153.06604317393484,0.2612204757669474,0.2761494780257429,0.41944225012623165,284.138193184504,431.5808062042745,261.1457992478099
569,569.0,49.58438906217167,-0.004703384419654158,153.59330721520382,0.41561093782833325,0.3510165788090722,0.13686093735606958,361.0343848586017,140.76222565257734,415.6529530715329
570,570.0,49.95170284607722,-0.004653652395102421,154.12311644587456,0.04829715392278189,0.34867468611671926,0.1352012789961641,358.6993713199394,139.08366309852047,48.3385589970998
571,571.0,49.96941147989962,-0.0035207848385702834,154.65366507728578,0.03058852010038038,0.3239116856667486,0.10069732234316937,333.2277164348459,103.58859307769583,30.62258478533288
572,572.0,50.36725569561607,0.003922091619135909,155.178440103821,0.3672556956160733,0.47425405243344565,0.12514724539962865,488.0026783161584,128.78027593715186,367.1844531991186
573,573.0,50.384234935212305,0.0005786028738203955,155.7075222801786,0.3842349352123051,0.49395888245556074,0.02391308128834719,508.2835793822246,24.61168765715319,384.1625110031819
574,574.0,50.409951364559625,0.00042305942108952977,156.24304983183117,0.40995136455962466,0.3182486621438283,0.019348099417127763,327.48251524770905,19.914731005442977,409.92126034710554
575,575.0,50.28786256135829,0.0036684452316831694,156.77142239302157,0.28786256135828836,0.3594714015475477,0.11791068736544187,369.8760536332341,121.32890855634282,287.8201804328524
576,576.0,50.031560734603076,0.006222877308163096,157.2954191333033,0.03156073460307596,0.533383691758415,0.19552124310735122,548.7434235242081,201.15712742683752,31.46518370804286
577,577.0,50.23901022336417,0.008832508592012862,157.82941892458317,0.23901022336416844,0.4040002845916341,0.27483594710789566,415.68242994550354,282.78880316637196,238.939527255567
578,578.0,50.0325599664903,0.005219136215783642,158.3587318960339,0.03255996649029669,0.4167066341294236,0.1654180070826761,428.70668560242746,170.1873787861131,32.50045340571404
579,579.0,50.160266323614046,0.008649959105853824,158.88735976138827,0.1602663236140458,0.4502180192546395,0.26960366857358825,463.21619904666665,277.39325220673413,160.18478425221073
580,580.0,50.18444145191118,0.005560442605566937,159.41288709522877,0.18444145191117656,0.5777175846255759,0.1760707938463178,594.4048244132613,181.16257388254914,184.33344726432185
581,581.0,50.056150507043064,0.003979063924899621,159.9483665333107,0.056150507043064124,0.40343600562623844,0.12826971071128435,415.05937686869476,131.97141736589097,56.097445832898565
582,582.0,50.0643124368586,0.0017287354265299439,160.4788245140781,0.06431243685860011,0.381452159765986,0.06018382783789127,392.44394882942544,61.92432034549522,64.26828320774642
583,583.0,50.282160181492955,0.002321745565222537,161.0079238136404,0.2821601814929551,0.4006377568520451,0.078317498830661,412.2326255814233,80.59046704867666,282.1108355878987
584,584.0,50.12280264257577,-0.0007953154478666143,161.53974613333781,0.12280264257577045,0.33728258351871365,0.01605061781057497,347.01295333730263,16.50716640590689,122.76888335714548
585,585.0,50.021862521195104,0.001859692655071854,162.07521767597896,0.021862521195103568,0.16324042073672132,0.06460974002590529,167.940310975357,66.47655621010485,21.85339568950221
586,586.0,,,,,,,,,
587,587.0,,,,,,,,,
588,588.0,,,,,,,,,
589,589.0,50.34788153741715,0.003937190980090173,164.1956564815439,0.3478815374171518,0.11748838086961232,0.1282129167495024,120.89306052077809,131.93549342821032,347.87258193340296
590,590.0,50.27888827676415,0.0071523981356873805,164.72059681194182,0.2788882767641496,0.2627878573290843,0.22586038676703013,270.3927127838782,232.40382889863267,278.85272215061536
591,591.0,50.36098434791194,0.009638856573557578,165.25091966215828,0.3609843479119377,0.2448712991677826,0.30140975404577214,251.96923402491365,310.15389464372885,360.9396888543854
592,592.0,50.30328901737969,0.011096832617501048,165.78261497724986,0.30328901737969005,0.18536733100293049,0.34577208928840597,190.73430440095598,355.79077370590574,303.24343895488784
593,593.0,49.89443810786064,0.00853364364660802,166.3137570289113,0.10556189213936307,0.14260984035743168,0.2681992286728223,146.7052903055037,275.9089404844421,105.58920830595856
594,594.0,50.102764777227364,0.006691225174172132,166.83716404319463,0.10276477722736388,0.33443492202135844,0.21248254445734344,344.0792793730047,218.61779220269105,102.71829310584626
595,595.0,50.08861012713424,0.007502326677369752,167.37118341981534,0.08861012713423833,0.20442729835214216,0.23722947632048,210.32086072728666,244.07656010711744,88.58109073052486
596,596.0,50.58260004813371,0.022408573010059073,167.90155534025448,0.5826000481337132,0.18502276663248168,0.689358100777008,190.40949777005295,709.4359714832254,582.4491674687457
597,597.0,50.160642554848735,0.01984624148521719,168.42136452090347,0.16064255484873513,0.48594621835886614,0.611811240798503,499.9759818693018,629.4829536270663,160.46180161448623
598,598.0,50.3752850120579,0.014302357201132126,168.9564797214897,0.3752850120579012,0.32270954057889845,0.44385371169337734,332.0663748089598,456.731271726666,375.1958330238884
599,599.0,50.30482281082782,0.011311296967445393,169.4802207292613,0.30482281082782237,0.504406820659956,0.3533063608396768,519.0114399177061,363.54432882208545,304.7105072170768
600,600.0,50.368668963431645,0.013765057411063514,170.0174128710765,0.3686689634316451,0.27819032618418477,0.4278642153805463,286.25528530158,440.2767813889633,368.59183421202545
601,601.0,50.37625248680943,0.01202138555296532,170.5430354165962,0.37625248680942747,0.402802754441557,0.3751418593548277,414.4820861773966,386.0277214124484,376.16276464805776
602,602.0,50.337526495375506,0.00936130076914297,171.07968222062098,0.3375264953755064,0.19315305223436469,0.29463079304915535,198.74925435497153,303.1757777671991,337.48974175420005
603,603.0,50.31221441914989,0.008343673530976158,171.6126384200224,0.312214419149889,0.09538452394876473,0.26389421910676036,98.14670003217591,271.54492952375125,312.1911031050907
604,604.0,50.68054631497706,-0.0022427275101236446,172.14280880380502,0.6805463149770574,0.08212158223709305,0.05696931264096912,84.5170965023476,58.62223079411813,680.5433562600161
605,605.0,49.91290754680852,0.009829034938579046,172.66066598661178,0.08709245319148096,0.44220582521144536,0.30923858708025215,454.90972661995534,318.1315660369239,87.17865659917017
606,606.0,50.0182053261554,0.006166460666198576,173.19248996569252,0.018205326155403156,0.3787700104660115,0.19832868071650558,389.67445784234025,204.04752722697987,18.15120397085747
607,607.0,50.254883098434334,6.433340180814783e-05,173.72173299665735,0.254883098434334,0.3936275132160856,0.01341303074733458,405.0133188109193,13.810245042153765,254.83716496890995
608,608.0,50.28683683358217,0.0038685338933202407,174.25495068302584,0.2868368335821714,0.28792982399561484,0.12892075208729822,296.26358510352236,132.66155960659407,286.8073628636364
609,609.0,50.02853416238287,0.007480289763181649,174.78154030416906,0.028534162382868544,0.38324760258637997,0.23859290772770528,394.2832330603304,245.47268587046776,28.473821069812015
610,610.0,50.25373717086261,0.008167945962003076,175.31720088821348,0.25373717086260683,0.20347307108822632,0.25959656436802675,209.3584617336489,267.1149153014606,253.70495647754075
611,611.0,49.9628389052603,0.005165318876390373,175.8462715514848,0.03716109473970164,0.2235270164604471,0.16866814445964667,229.95503625367337,173.52827787268782,37.184309985576576
612,612.0,50.000959225657695,0.0067601034545250955,176.37118407596122,0.0009592256576951286,0.36969998497235596,0.217178972825576,380.3396443992893,223.43903088950526,0.9047949544882572
613,613.0,50.376518704942505,0.0009219135679309703,176.89860992997723,0.37651870494250517,0.439630057774242,0.040266788453353436,452.3772796800637,41.44426006332894,376.46099019650404
614,614.0,50.23012909372259,0.006840634457393662,177.4265181719556,0.2301290937225886,0.4949628347033107,0.2198938527993851,509.27273962380144,226.26126745935386,230.0422333391423
615,615.0,50.250848290416,0.006404565239867828,177.96543080703128,0.2508482904160019,0.21657522018766528,0.2068223898592853,222.8392268133971,212.81448342692738,250.82173513762632
616,624.0,50.33931457113975,0.003491817313224531,-177.2748431558827,0.3393145711397523,0.45509757005127804,0.11971104779943174,468.2835312149307,123.19069175136755,339.24899591126064
617,625.0,50.05516464260552,-0.0018578504609694875,-176.73957735607905,0.055164642605518566,0.2872942194278743,0.042387509368536656,295.5712752839986,43.59746788237677,55.139672955724464
618,626.0,50.18337010064379,0.004097291151546511,-176.21248931897915,0.183370100643792,0.3674680329567589,0.13831362997491717,378.0820410845914,142.32004489139297,183.3244529928342
619,627.0,50.83987891017903,0.014618508318441652,-175.67662485107948,0.8398789101790314,0.18154138322039906,0.45750380176737654,186.85364912580047,470.902755728381,839.8071488137806
620,628.0,50.61355002435339,0.006449035897521659,-175.14586042351812,0.6135500243533869,0.15023472048943293,0.20989932016909135,154.61132374987633,216.02561975491773,613.5302910276549
621,629.0,50.78234062521366,0.01012352374819525,-174.62488434389124,0.7823406252136635,0.4157738855998145,0.32144339629604307,427.9265000701763,330.85049773229144,782.2588171115387
622,630.0,49.75800265807808,0.0009019777049826032,-174.07744783412764,0.24199734192192324,0.12108616804886173,0.041936517576973496,124.5539967982613,43.14930745853398,242.00220291401325
623,631.0,50.081151983346686,0.01041683281030895,-173.5770942337655,0.08115198334668605,0.7697653390699204,0.3305800965724886,791.954050467667,340.1210310816179,80.94418655596435
624,632.0,50.13579747162741,0.004017830150285987,-173.0338038931528,0.13579747162741285,0.3586613488516979,0.13666218994924426,369.01116272181196,140.61777335451293,135.753853082662
625,633.0,49.89410375415899,0.005518405284484033,-172.5030165736432,0.10589624584100932,0.32666052555297453,0.18228594898299333,336.0414556827444,187.53282729204363,105.93767385468088
626,634.0,49.85824116930564,0.0019289818328283074,-171.97307986886034,0.14175883069435713,0.32048351403873643,0.07359422058989734,329.6804409185782,75.71832764595761,141.7908408437051
627,635.0,50.117361326271826,0.005134863503746583,-171.44407262385107,0.11736132627182627,0.3424605135942225,0.17092858731720667,352.3391891315918,175.87149297734626,117.31795059079703
628,636.0,50.02181317326736,0.005300139507923332,-170.9126092267584,0.021813173267361208,0.28995875283071837,0.1760312795598339,298.3070076590514,181.11177097622934,21.77910624734667
629,637.0,50.0196195781988,0.003574336000436514,-170.38199435793754,0.01961957819879956,0.2632175355473714,0.12382042844078142,270.7955476806076,127.39764899747364,19.594526046506655
630,638.0,50.072395214232806,0.006541891529831108,-169.85281698392455,0.07239521423280593,0.280035653705733,0.21392794806343274,288.10636309684025,220.1059531589031,72.35844538796877
631,639.0,49.83280752270236,0.007941326580287547,-169.32153305085112,0.16719247729763964,0.2330061666352267,0.2564848008959572,239.68934046187528,263.8540355345256,167.22802484028895
632,640.0,50.45534984247922,0.004931382841216499,-168.79800287878788,0.4553498424792224,0.4210663684328479,0.16533451554082768,433.2944338005487,170.14868145222,455.2892417946284
633,641.0,50.36269630762666,0.007514180843176811,-168.2460991190381,0.3626963076266634,0.25125567198112125,0.24377489783075995,258.53891572162166,250.8541263168403,362.6600153553865
634,642.0,50.17957265894655,0.003362663016408779,-167.72259588985492,0.1795726589465474,0.06234814843980878,0.118008261379266,64.14888703129913,121.42950343231296,179.56738441820016
635,643.0,49.965000680039715,0.009909232765257864,-167.1979107477858,0.034999319960284936,0.09068949313954723,0.3166131600010255,93.2975845920788,325.73147643040284,35.031433485333764
636,644.0,49.752447025108026,0.006003564506361615,-166.67369807465144,0.24755297489197403,0.2580842991416325,0.19830150614773337,265.4748374131489,203.99319678648206,247.58433343363544
637,645.0,50.13529989172019,0.00802049243843575,-166.14092577236767,0.1352998917201873,0.16589214759526516,0.25958281201396916,170.67921402440604,267.08666221445725,135.2717916172986
638,646.0,50.332366309689256,0.001010780258159144,-165.6149022565091,0.33236630968925596,0.2783458117585879,0.04711582325028517,286.40947076221244,48.49403606340681,332.3427096815979
639,647.0,50.22240846476476,0.006675876468294288,-165.08627499992082,0.2224084647647615,0.3118756567115999,0.2190218142184309,320.89093232157956,225.36636803527864,222.3654592634179
640,648.0,50.36329085327582,0.005760216750185107,-164.565383346581,0.3632908532758208,0.5799445863591661,0.1913772371186249,596.7558522670206,196.9382945863598,363.18040879442503
641,649.0,50.15974852621124,0.004658363901200557,-164.0248910176645,0.15974852621123858,0.2536856852948192,0.15805633711429135,261.0097367915462,162.63305458940013,159.72207354990772
642,650.0,50.434278438016456,0.005002051512784318,-163.49564400923688,0.43427843801645594,0.2683922546972316,0.16859939039848132,276.18330222089037,173.50723035429098,434.2486876411481
643,651.0,50.228050879104224,0.005884948475786571,-162.96812572205664,0.22805087910422372,0.3355194442690278,0.19546275444728842,345.21927207302366,201.12727190346843,228.00623244200244
644,652.0,50.09722413518866,0.007828415232031634,-162.4332127944338,0.09722413518866091,0.17844668379097167,0.254486147985865,183.5921194860864,261.8379356847052,97.19553145345233
645,653.0,,,,,,,,,
646,654.0,,,,,,,,,
647,655.0,51.577054266046005,-0.01638611810355706,-160.8911670792292,1.5770542660460052,1.608231615590033,0.4794763982021986,1655.9738285432784,493.6962726744177,1576.2197108672642
648,656.0,53.319434484083025,-0.004518088451088462,-160.35521512252825,3.3194344840830254,1.4196216889237867,0.11950700615492392,1463.1885905339016,123.16048614710476,3318.832465306432
649,657.0,50.567160916400695,0.007292038888281469,-159.7962657901546,0.5671609164006952,0.5336846042495969,0.2387369171123152,549.217522706713,245.69957122588548,567.0596837085438
650,658.0,50.3307448966006,0.003956755498571929,-159.25786659029671,0.33074489660059925,0.27086606576203376,0.1376909201735802,278.712783697809,141.69396109746538,330.71755629459733
651,659.0,50.32997445936987,0.0014599886960759585,-158.72514105843723,0.3299744593698719,0.18012247353213184,0.06207155554538411,185.3403616482635,63.884024959510285,329.96371092115146
652,660.0,50.466033709694834,0.009404917981304257,-158.20058663944528,0.46603370969483393,0.3371240767883936,0.30307940040772174,346.91646951464423,311.8973260555235,465.9728487994946
653,661.0,50.15759954659075,0.007197977363934226,-157.66407936150821,0.15759954659075248,0.1316749496817191,0.2362485367531939,135.47631799870442,243.08336904462186,157.57788670643595
654,662.0,50.094237505094945,0.004595189196115509,-157.13489248273757,0.0942375050949451,0.1482351750933141,0.15741424911186944,152.5092207332315,161.9675201949802,94.22366222683654
655,663.0,49.94589024750094,0.002694673047163879,-156.60850889781344,0.05410975249905903,0.2497703388050589,0.09987520199172653,256.95060811499343,102.76100245662207,54.13117552204195
656,664.0,51.35671126439234,0.03142726529579907,-156.0381623034919,1.356711264392338,0.9817699137912996,0.9712346353925649,1010.7903560324489,999.9585232194287,1356.146183251899
657,665.0,50.178620379749596,0.009972788561820692,-155.5449596096571,0.17862037974959577,0.12592103780687858,0.32075398927264903,129.55781710223422,330.0326115655068,178.5852212193187
658,666.0,50.07526416968984,0.01077586774758138,-155.00678253583249,0.07526416968983796,0.13016189513481216,0.3451666875416593,133.91341289106927,355.1298985953146,75.22387828057128
659,667.0,50.590529487224664,-0.02763691702996422,-154.49178951707503,0.5905294872246643,0.31680372132903933,0.8195466759840183,326.0285394314749,843.3957292402213,590.3008404743541
660,668.0,50.64932999037107,-0.0012267606693126358,-153.97020367939106,0.6493299903710721,0.5638226558489658,0.01861127985212759,580.2594129724812,19.138862367667322,649.2357345396202
661,669.0,50.14467974649317,0.007537834334370763,-153.41285359704062,0.14467974649316773,0.273619809955334,0.24722125247116214,281.51699626058223,254.3715588434758,144.63948194605499
662,670.0,50.29151416563881,-0.00808956948933358,-152.8899063958713,0.2915141656388087,0.06788197745571067,0.22656301984344576,69.84691713021135,233.10610442473592,291.49760115330565
663,671.0,50.155507206894214,0.012874945468586389,-152.3711087992829,0.15550720689421382,0.26371609222348863,0.40924228374915733,271.3290775194502,421.0715203044543,155.4370249581982
664,672.0,50.49408866020861,0.0148524613786619,-151.82891340573494,0.494088660208611,0.11421575780540971,0.46926783836055624,117.53520847430954,482.9213982290582,494.01958083780784
665,673.0,50.52700539396363,0.023072429926296576,-151.31771310948656,0.527005393963627,0.44772758901234927,0.7185854718068179,460.74834447568276,739.4986020772167,526.7931020279776
666,674.0,50.83826156710921,0.016391297882364715,-150.7851651213332,0.8382615671092069,0.3623677167977298,0.5160821336599305,372.9709823415635,531.1986122194184,838.1437798611307
667,675.0,51.28441991025461,0.022088577817832362,-150.26967364437192,1.2844199102546128,0.7941880871240887,0.6889033963084399,817.6307717754215,709.2537622446345,1284.092423881246
668,676.0,50.40845081644185,0.013442519123997795,-149.71767526190644,0.40845081644184944,0.11902709229528402,0.42681689879880264,122.48050849415752,439.2159139142245,408.39267296064526
669,677.0,53.13819865076835,0.05971988012143158,-149.19080053430133,3.138198650768352,0.20566916438368044,1.8301621797297034,211.95941879518432,1886.1526701619457,3137.192684665356
670,678.0,,,,,,,,,
